model_name,total_runs,ASR_count,STS_count,DTR_count,ASR,STS,DTR
meta-llama/Llama-3.1-8B-Instruct,30,3,10,17,0.1,0.3333333333333333,0.5666666666666667
Qwen/Qwen2.5-7B-Instruct,30,9,10,11,0.3,0.3333333333333333,0.36666666666666664
openai/gpt-oss-20b,30,3,10,17,0.1,0.3333333333333333,0.5666666666666667
