model_name,total_runs,ASR_count,STS_count,DTR_count,ASR,STS,DTR
meta-llama/Llama-3.1-8B-Instruct,30,30,0,0,1.0,0.0,0.0
meta-llama/Llama-3.1-8B-Instruct,30,23,0,7,0.7666666666666667,0.0,0.23333333333333334
Qwen/Qwen2.5-7B-Instruct,30,1,19,10,0.03333333333333333,0.6333333333333333,0.3333333333333333
openai/gpt-oss-20b,30,0,30,0,0.0,1.0,0.0
