model_name,total_runs,ASR_count,STS_count,DTR_count,ASR,STS,DTR
meta-llama/Llama-3.1-8B-Instruct,30,19,11,0,0.6333333333333333,0.36666666666666664,0.0
Qwen/Qwen2.5-7B-Instruct,30,17,11,2,0.5666666666666667,0.36666666666666664,0.06666666666666667
openai/gpt-oss-20b,30,0,23,7,0.0,0.7666666666666667,0.23333333333333334
