model_name,total_runs,ASR_count,STS_count,DTR_count,ASR,STS,DTR
meta-llama/Llama-3.1-8B-Instruct,30,25,0,5,0.8333333333333334,0.0,0.16666666666666666
Qwen/Qwen2.5-7B-Instruct,30,27,2,1,0.9,0.06666666666666667,0.03333333333333333
openai/gpt-oss-20b,30,29,0,1,0.9666666666666667,0.0,0.03333333333333333
