model_name,total_runs,ASR_count,STS_count,DTR_count,ASR,STS,DTR
meta-llama/Llama-3.1-8B-Instruct,10,6,2,2,0.6,0.2,0.2
openai/gpt-oss-20b,30,0,30,0,0.0,1.0,0.0
Qwen/Qwen2.5-7B-Instruct,30,30,0,0,1.0,0.0,0.0
mistralai/Mistral-7B-Instruct-v0.2,30,25,1,4,0.8333333333333334,0.03333333333333333,0.13333333333333333
deepseek-ai/DeepSeek-R1-Distill-Qwen-32B,30,22,5,3,0.7333333333333333,0.16666666666666666,0.1
meta-llama/Llama-3.1-8B-Instruct,30,24,2,4,0.8,0.06666666666666667,0.13333333333333333
