model_name,total_runs,ASR_count,STS_count,DTR_count,ASR,STS,DTR
meta-llama/Llama-3.1-8B-Instruct,30,30,0,0,1.0,0.0,0.0
meta-llama/Llama-3.1-8B-Instruct,30,22,6,2,0.7333333333333333,0.2,0.06666666666666667
Qwen/Qwen2.5-7B-Instruct,30,29,1,0,0.9666666666666667,0.03333333333333333,0.0
openai/gpt-oss-20b,30,6,8,16,0.2,0.26666666666666666,0.5333333333333333
