model_name,total_runs,ASR_count,STS_count,DTR_count,ASR,STS,DTR
meta-llama/Llama-3.1-8B-Instruct,30,16,13,1,0.5333333333333333,0.43333333333333335,0.03333333333333333
Qwen/Qwen2.5-7B-Instruct,30,6,21,3,0.2,0.7,0.1
openai/gpt-oss-20b,30,2,28,0,0.06666666666666667,0.9333333333333333,0.0
