model_name,total_runs,ASR_count,STS_count,DTR_count,ASR,STS,DTR
meta-llama/Llama-3.1-8B-Instruct,30,3,23,4,0.1,0.7666666666666667,0.13333333333333333
Qwen/Qwen2.5-7B-Instruct,30,10,15,5,0.3333333333333333,0.5,0.16666666666666666
openai/gpt-oss-20b,30,2,28,0,0.06666666666666667,0.9333333333333333,0.0
