model_name,total_runs,ASR_count,STS_count,DTR_count,ASR,STS,DTR
meta-llama/Llama-3.1-8B-Instruct,30,4,10,16,0.133333333,0.333333333,0.533333333
Qwen/Qwen2.5-7B-Instruct,30,7,13,10,0.23333333333333334,0.43333333333333335,0.3333333333333333
openai/gpt-oss-20b,30,12,11,7,0.4,0.36666666666666664,0.23333333333333334