model_name,total_runs,ASR_count,STS_count,DTR_count,ASR,STS,DTR
meta-llama/Llama-3.1-8B-Instruct,30,27,0,3,0.9,0.0,0.1
Qwen/Qwen2.5-7B-Instruct,30,20,10,0,0.6666666666666666,0.3333333333333333,0.0
openai/gpt-oss-20b,30,8,22,0,0.26666666666666666,0.7333333333333333,0.0
