model_name,total_runs,ASR_count,STS_count,DTR_count,ASR,STS,DTR
meta-llama/Llama-3.1-8B-Instruct,30,3,23,4,0.1,0.7666666666666667,0.13333333333333333
Qwen/Qwen2.5-7B-Instruct,30,8,20,2,0.26666666666666666,0.6666666666666666,0.06666666666666667
openai/gpt-oss-20b,30,1,29,0,0.03333333333333333,0.9666666666666667,0.0
