model_name,total_runs,ASR_count,STS_count,DTR_count,ASR,STS,DTR
meta-llama/Llama-3.1-8B-Instruct,30,1,11,18,0.03333333333333333,0.36666666666666664,0.6
Qwen/Qwen2.5-7B-Instruct,30,3,11,16,0.1,0.36666666666666664,0.5333333333333333
openai/gpt-oss-20b,30,9,13,8,0.3,0.43333333333333335,0.26666666666666666
