model_name,total_runs,ASR_count,STS_count,DTR_count,ASR,STS,DTR
meta-llama/Llama-3.1-8B-Instruct,30,13,14,3,0.43333333333333335,0.4666666666666667,0.1
Qwen/Qwen2.5-7B-Instruct,30,18,11,1,0.6,0.36666666666666664,0.03333333333333333
openai/gpt-oss-20b,30,0,29,1,0.0,0.9666666666666667,0.03333333333333333
