model_name,total_runs,ASR_count,STS_count,DTR_count,ASR,STS,DTR
meta-llama/Llama-3.1-8B-Instruct,30,8,14,8,0.26666666666666666,0.4666666666666667,0.26666666666666666
Qwen/Qwen2.5-7B-Instruct,30,18,4,8,0.6,0.13333333333333333,0.26666666666666666
openai/gpt-oss-20b,30,0,21,9,0.0,0.7,0.3
